author,title,summary,number_of_likes
testuser1,Lorem ipsum dolor sit amet,consectetur adipiscing elit,0
testuser2,In nisl nisi scelerisque eu,ultrices vitae auctor eu.,0
testuser1,Urna nunc id cursus metus.,Id leo in vitae turpis massa.,0
testuser1,Egestas egestas,fringilla phasellus faucibus scelerisque,0
testuser3,Laoreet suspendisse interdum,consectetur libero id faucibus nisl tincidunt,0
testuser1,Nibh praesent tristique magna,sit amet purus gravida quis,0
testuser2,Eget mi proin sed libero,enim sed faucibus turpis in,0
testuser1,Nunc lobortis mattis aliquam,faucibus purus in massa tempor,0
testuser4,Cras sed felis eget velit,velit aliquet sagittis,0
TestUser1,a,b,0
TestUser1,e,f,0
testuser4,Elementum facilisis leo vel fringilla,est ullamcorper eget nulla,0
testuser4,Mi eget mauris pharetra et,A erat nam at lectus urna duis convallis,0
GumiBogyo,New Title,Great summary,0
GumiBogyo,An awesome title for my article,The gist of this article,0
GumiBogyo,An awesome title for my article,The gist of this article,0
GumiBogyo,An awesome title for my article,The gist of this article,0
GumiBogyo,An awesome title for my article,The gist of this article,0
A1,Apple,Apple,0
GumiBogyo,An awesome title for my article,The gist of this article,0
GumiBogyo,An awesome title for my article,The gist of this article,0
A1,Recipe,Spice,0
GumiBogyo,An awesome title for my article,The gist of this article,0
TestUser1,e,f,0
GumiBogyo,An awesome title for my article,The gist of this article,0
A1,Cupcakes,Cupkaces and co,0
TestUser1,e,f,0
GumiBogyo,An awesome title for my article,The gist of this article,0
GumiBogyo,asdfds,asdfsd,0
GumiBogyo,New Title,Great summary,0
GumiBogyo,New Title,Great summary,0
A1,Apple,Apple, green apple,0
A1,Recipe,Spice,0
GumiBogyo,An awesome title for my article,The gist of this article,0
A1,Recipe,Spice,0
A1,Recipe,Spice,0
GumiBogyo,An awesome title for my article,The gist of this article,0
GumiBogyo,An awesome title for my article,The gist of this article,0
GumiBogyo,An awesome title for my article,The gist of this article,0
A1,Recipe,Spice,0
GumiBogyo,An awesome title for my article,The gist of this article,0
A1,Recipe,Spice,0
A1,Recipe,Spice,0
GumiBogyo,New Title,Great summary,0
GumiBogyo,An awesome title for my article,The gist of this article,0
GumiBogyo,An awesome title for my article,The gist of this article,0
A1,Recipe,Spice,0
A1,Recipe,Spice,0
GumiBogyo,An awesome title for my article,The gist of this article,0
A1,Recipe,Spice,0
GumiBogyo,An awesome title for my article,The gist of this article,0
GumiBogyo,New Title,Great summary,0
GumiBogyo,New Title,Great summary,0
A1,Recipe,Spice,0
GumiBogyo,New Title,Great summary,0
A1,Recipe,Spice,0
TestUser1,Pellentesque at quam sapien.,Pellentesque ultricies, erat eleifend varius consequat, massa.,0
A1,Recipe,Spice,0
A1,Recipe,Spice,0
TestUser1,Pellentesque at quam sapien.,Pellentesque ultricies, erat eleifend varius consequat, massa.,0
GumiBogyo,New Title,Great summary,0
GumiBogyo,New Title,Great summary,0
GumiBogyo,New Title,Great summary,0
GumiBogyo,New Title,Great summary,0
GumiBogyo,New Title,Great summary,0
GumiBogyo,New Title,Great summary,0
A1,Recipe,Spice,0
A1,Recipe,Spice,0
GumiBogyo,New Title,Great summary,0
GumiBogyo,An awesome title for my article,The gist of this article,0
GumiBogyo,New Title,Great summary,0
A1,Recipe,Spice,0
A1,Recipe,Spice,0
A1,Alma,Alma,0
GumiBogyo,New Title,Great summary,0
GumiBogyo,An awesome title for my article,The gist of this article,0
GumiBogyo,An awesome title for my article,The gist of this article,0
GumiBogyo,An awesome title for my article,The gist of this article,0
GumiBogyo,An awesome title for my article,The gist of this article,0
A1,Recipe,Spice,0
A1,Recipe,Spice,0
A1,Apple,Green apple,0
GumiBogyo,An awesome title for my article,The gist of this article,0
GumiBogyo,New Title,Great summary,0
GumiBogyo,An awesome title for my article,The gist of this article,0
GumiBogyo,New Title,Great summary,0
A1,Recipe,Spice,0
GumiBogyo,New Title,Great summary,0
A1,Recipe,Spice,0
GumiBogyo,New Title,Great summary,0
A1,Recipe,Spice,0
GumiBogyo,New Title,Great summary,0
A1,Recipe,Spice,0
GumiBogyo,New Title,Great summary,0
A1,Recipe,Spice,0
TestUser1,a,b,0
A1,Recipe,Spice,0
A1,Recipe,Spice,0
TestUser1,a,b,0
A1,Recipe,Spice,0
A1,Recipe,Spice,0
GumiBogyo,New Title,Great summary,0
A1,Recipe,Spice,0
GumiBogyo,New Title,Great summary,0
GumiBogyo,New Title,Great summary,0
A1,Recipe,Spice,0
A1,Recipe,Spice,0
